 {"name":"M1A1","count":1081,"avg":26.0148011100832562}
 {"name":"M1","count":1095,"avg":25.2940639269406393}
 {"name":"M113 APC","count":1108,"avg":25.7220216606498195}
 {"name":"Humvee","count":1114,"avg":25.2118491921005386}
 {"name":"M3A3 Bradley","count":1047,"avg":24.8825214899713467}
 {"name":"M4","count":1144,"avg":25.3784965034965035}
 {"name":"M970","count":1157,"avg":25.7225583405358686}
 {"name":"Truck","count":1124,"avg":25.1957295373665480}
 {"name":"LAV-25","count":1130,"avg":25.3831858407079646}

